{
  "name": "take-from-state",
  "user_id": "backend-will-give",
  "triggers": [
    {
      "type": "ElementFormTrigger",
      "config": {
        "child": "send-email-action",
        "options": {
          "key": "send-email-action",
          "automation_uid": "backend-will-give"
        },
        "last_executed": null,
        "evaluationResult": null
      }
    }
  ],
  "actions": [
    {
      "id": "send-email-action",
      "type": "ElementFormTrigger",
      "config": {
        "type": "ElementMailAction",
        "options": {
          "key": "send-email-action"
        },
        "last_executed": null,
        "evaluationResult": null
      }
    }
  ],
  // Here we will store the alignment of the nodes so in the same alignment we can load next time 
  "layout": {
    "node": [],
    "edges": []
  }
}

[
  {
    "id": "trigger",
    "title": "New Product Enquired",
    "type": "ElementTrigger",
    "child": 853961588,
    "options": {
      "key": "product-inquired",
      "product_id": "260",
      "init": true
    },
    "last_executed": null,
    "evaluationResult": null
  },
  {
    "id": 853961588,
    "title": "Tag contact",
    "type": "ElementOperation",
    "child": 448875612,
    "options": {
      "operation_type": "tag",
      "tags": [
        "Lead"
      ]
    },
    "last_executed": null,
    "evaluationResult": null
  },
  {
    "id": 448875612,
    "title": "Action: Send WhatsApp Message",
    "type": "ElementWhatsApp",
    "child": 704667256,
    "options": {
      "key": "send_whatsapp_message",
      "after": null,
      "wa_template_id": "134",
      "init": true
    },
    "last_executed": null,
    "evaluationResult": null
  },
  {
    "id": 704667256,
    "title": "Send email `Test`",
    "type": "ElementAction",
    "child": 689914840,
    "options": {
      "init": "true",
      "email_uid": "658aaa6b2c053",
      "template": "true"
    },
    "last_executed": null,
    "evaluationResult": null
  },
  {
    "id": 689914840,
    "title": "Wait for 12 hours",
    "type": "ElementWait",
    "child": 417095917,
    "options": {
      "key": "wait",
      "time": "12 hours"
    },
    "last_executed": null,
    "evaluationResult": null
  },
  {
    "id": 417095917,
    "title": "No title",
    "type": "ElementCondition",
    "child": null,
    "options": {
      "key": "condition",
      "type": "open",
      "email": "658aaa6b2c053",
      "wait": "1 day",
      "init": true
    },
    "last_executed": null,
    "evaluationResult": null,
    "childYes": 1090114898,
    "childNo": 989082761
  },
  {
    "id": 1090114898,
    "title": "Exit Workflow",
    "type": "ElementOperation",
    "child": null,
    "options": {
      "operation_type": "exit_workflow"
    },
    "last_executed": null,
    "evaluationResult": null
  },
  {
    "id": 989082761,
    "title": "Action: Send WhatsApp Message",
    "type": "ElementWhatsApp",
    "child": null,
    "options": {
      "key": "send_whatsapp_message",
      "after": null,
      "wa_template_id": "134"
    },
    "last_executed": null,
    "evaluationResult": null
  }
]