{
  "name": "My workflow",
  "user_id": "backend-will-give",
  "triggers": [
    {
      "type": "ElementGeneric",
      "config": {
        "child": "action-1751627679976",
        "options": {
          "key": "generic-action",
          "automation_uid": "backend-will-give"
        },
        "last_executed": null,
        "evaluationResult": null
      }
    }
  ],
  "actions": [
    {
      "id": "action-1751627679976",
      "type": "ElementGeneric",
      "config": {
        "type": "ElementGeneric",
        "options": {
          "key": "generic-action",
          "email_uid": "welcome_template",
          "fromName": "David Encoder",
          "emailSubject": "Welcome to our service!",
          "content": "Welcome to our service! We're excited to have you on board. If you have any questions, feel free to reach out to us.",
          "template": "true"
        },
        "last_executed": null,
        "evaluationResult": null
      }
    },
    {
      "id": "action-1751627738440",
      "type": "ElementGeneric",
      "config": {
        "type": "ElementGeneric",
        "options": {
          "key": "generic-action"
        },
        "last_executed": null,
        "evaluationResult": null
      }
    },
    {
      "id": "condition-1751628424655",
      "type": "ElementCondition",
      "config": {
        "type": "ElementCondition",
        "options": {
          "key": "condition-check"
        },
        "last_executed": null,
        "evaluationResult": null
      }
    },
    {
      "id": "action-1751628432760",
      "type": "ElementGeneric",
      "config": {
        "type": "ElementGeneric",
        "options": {
          "key": "generic-action"
        },
        "last_executed": null,
        "evaluationResult": null
      }
    },
    {
      "id": "action-1751628437776",
      "type": "ElementGeneric",
      "config": {
        "type": "ElementGeneric",
        "options": {
          "key": "generic-action"
        },
        "last_executed": null,
        "evaluationResult": null
      }
    }
  ],
  "layout": {
    "node": [
      {
        "id": "trigger-1751627663544",
        "type": "trigger",
        "position": {
          "x": 264,
          "y": 264
        },
        "data": {
          "label": "Product Enquired",
          "icon": {},
          "color": "bg-red-50 border-red-200",
          "submitted": true
        }
      },
      {
        "id": "action-1751627679976",
        "type": "action",
        "position": {
          "x": 564,
          "y": 264
        },
        "data": {
          "label": "Send Email",
          "icon": {},
          "color": "bg-blue-50 border-blue-200",
          "submitted": true
        }
      },
      {
        "id": "action-1751627738440",
        "type": "action",
        "position": {
          "x": 864,
          "y": 264
        },
        "data": {
          "label": "Send SMS Message",
          "icon": {},
          "color": "bg-blue-50 border-blue-200 text-blue-600",
          "submitted": false
        }
      },
      {
        "id": "condition-1751628424655",
        "type": "condition",
        "position": {
          "x": 1164,
          "y": 264
        },
        "data": {
          "label": "If/Then Condition",
          "icon": {},
          "color": "bg-orange-50 border-orange-200",
          "submitted": false
        }
      },
      {
        "id": "action-1751628432760",
        "type": "action",
        "position": {
          "x": 1429.815754031893,
          "y": 149.1925324089996
        },
        "data": {
          "label": "Send Email",
          "icon": {},
          "color": "bg-blue-50 border-blue-200",
          "submitted": false
        }
      },
      {
        "id": "action-1751628437776",
        "type": "action",
        "position": {
          "x": 1417.5610243452134,
          "y": 421.3765286078881
        },
        "data": {
          "label": "Send Whatsaap Message",
          "icon": {},
          "color": "bg-emerald-50 border-emerald-200 text-emerald-600",
          "submitted": false
        }
      }
    ],
    "edges": [
      {
        "id": "trigger-1751627663544-action-1751627679976",
        "source": "trigger-1751627663544",
        "target": "action-1751627679976",
        "type": "smoothstep",
        "animated": false
      },
      {
        "id": "action-1751627679976-action-1751627738440",
        "source": "action-1751627679976",
        "target": "action-1751627738440",
        "type": "smoothstep",
        "animated": false
      },
      {
        "id": "action-1751627738440-condition-1751628424655",
        "source": "action-1751627738440",
        "target": "condition-1751628424655",
        "type": "smoothstep",
        "animated": false
      },
      {
        "id": "condition-1751628424655-action-1751628432760",
        "source": "condition-1751628424655",
        "target": "action-1751628432760",
        "type": "smoothstep",
        "animated": false
      },
      {
        "id": "condition-1751628424655-action-1751628437776",
        "source": "condition-1751628424655",
        "target": "action-1751628437776",
        "type": "smoothstep",
        "animated": false
      }
    ]
  }
}
